{
  "dataset": {
    "n_total_rows": 229188,
    "n_target_usable": 50721,
    "target_mean": 53690.94743794484,
    "target_median": 48757.0,
    "target_std": 24679.09711356496,
    "target_min": 6786.0,
    "target_max": 302526.0
  },
  "normalization": {
    "method": "StandardScaler (z-score)",
    "target_mean_used": 53690.94743794484,
    "target_std_used": 24678.85382953314
  },
  "model_results": {
    "lasso": {
      "mse_normalized": 0.3896714314767446,
      "r2": 0.6077197198408102,
      "rmse_dollar": 15405.445757414327
    },
    "random_forest": {
      "mse_normalized": 0.28961627396215506,
      "r2": 0.7084447462366378,
      "rmse_dollar": 13281.174002950074
    }
  },
  "model_test_split": {
    "test_size": 0.2,
    "random_state": 42
  },
  "feature_sets": {
    "numeric": [
      "IPEDSCOUNT1",
      "IPEDSCOUNT2",
      "EARN_COUNT_NWNE_HI_1YR",
      "EARN_COUNT_NWNE_1YR",
      "EARN_COUNT_NWNE_4YR",
      "EARN_COUNT_NWNE_5YR"
    ],
    "categorical": [
      "CONTROL",
      "CREDLEV",
      "DISTANCE",
      "CIPCODE"
    ]
  }
}