{
  "dataset": {
    "n_total_rows": 227980,
    "n_target_usable": 58102,
    "target_mean": 64909.9140477092,
    "target_median": 59017.5,
    "target_std": 27730.067669206866,
    "target_min": 6917.0,
    "target_max": 336392.0
  },
  "normalization": {
    "method": "StandardScaler (z-score)",
    "target_mean_used": 64909.9140477092,
    "target_std_used": 27729.829035536884
  },
  "model_results": {
    "lasso": {
      "mse_normalized": 0.3839084937571723,
      "r2": 0.6161214750325612,
      "rmse_dollar": 17181.499047505742
    },
    "random_forest": {
      "mse_normalized": 0.2644024748837757,
      "r2": 0.7356181649882345,
      "rmse_dollar": 14258.700601903181
    },
    "ridge": {
      "mse_normalized": 0.3152118368286168,
      "r2": 0.684812769340335,
      "rmse_dollar": 15568.560219630454
    },
    "gradient_boosting": {
      "mse_normalized": 0.3621333955829795,
      "r2": 0.6378948733919564,
      "rmse_dollar": 16687.12351169864
    }
  },
  "model_test_split": {
    "test_size": 0.2,
    "random_state": 42
  },
  "feature_sets": {
    "numeric": [
      "IPEDSCOUNT1",
      "IPEDSCOUNT2",
      "DEBT_ALL_STGP_EVAL_MDN",
      "DEBT_ALL_STGP_EVAL_MEAN",
      "DEBT_ALL_STGP_EVAL_MDN10YRPAY",
      "DEBT_ALL_STGP_ANY_MDN",
      "EARN_COUNT_NWNE_HI_1YR",
      "EARN_COUNT_NWNE_1YR",
      "BBRR2_FED_COMP_N",
      "BBRR3_FED_COMP_N"
    ],
    "categorical": [
      "CONTROL",
      "CREDLEV",
      "DISTANCE",
      "CIPCODE"
    ]
  }
}